Title,Price,Date
Apple iPhone 15 Pro (512 GB) - White Titanium,"5,299.35
",2024-02-06
Apple iPhone 15 Pro (512 GB) - White Titanium,"5,299.35
",2024-02-06
Apple iPhone 15 Pro (512 GB) - White Titanium,"5,299.35
",2024-02-06
Apple iPhone 15 Pro (512 GB) - White Titanium,"5,299.35
",2024-02-06
Apple iPhone 15 Pro (512 GB) - White Titanium,"5,299.35
",2024-02-06
Apple iPhone 15 Pro (512 GB) - White Titanium,"5,299.35
",2024-02-06
Apple iPhone 15 Pro (512 GB) - White Titanium,"5,299.35
",2024-02-06
Apple iPhone 15 Pro (512 GB) - White Titanium,"5,299.35
",2024-02-06
Apple iPhone 15 Pro (512 GB) - White Titanium,"5,299.35
",2024-02-06
Apple iPhone 15 Pro (512 GB) - White Titanium,"5,299.35
",2024-02-06
Apple iPhone 15 Pro (512 GB) - White Titanium,"5,299.35
",2024-02-06
Apple iPhone 15 Pro (512 GB) - White Titanium,"5,299.35
",2024-02-06
Apple iPhone 15 Pro (512 GB) - White Titanium,"5,299.35
",2024-02-06
Apple iPhone 15 Pro (512 GB) - White Titanium,"5,299.35
",2024-02-06
Apple iPhone 15 Pro (512 GB) - White Titanium,"5,299.35
",2024-02-06
Apple iPhone 15 Pro (512 GB) - White Titanium,"5,299.35
",2024-02-06
Apple iPhone 15 Pro (512 GB) - White Titanium,"5,299.35
",2024-02-06
Apple iPhone 15 Pro (512 GB) - White Titanium,"5,299.35
",2024-02-06
Apple iPhone 15 Pro (512 GB) - White Titanium,"5,299.35
",2024-02-06
Apple iPhone 15 Pro (512 GB) - White Titanium,"5,299.35
",2024-02-06
Apple iPhone 15 Pro (512 GB) - White Titanium,"5,299.35
",2024-02-06
Apple iPhone 15 Pro (512 GB) - White Titanium,"5,299.35
",2024-02-06
Apple iPhone 15 Pro (512 GB) - White Titanium,"5,299.35
",2024-02-06
Apple iPhone 15 Pro (512 GB) - White Titanium,"5,299.35
",2024-02-06
Apple iPhone 15 Pro (512 GB) - White Titanium,"5,299.35
",2024-02-06
Apple iPhone 15 Pro (512 GB) - White Titanium,"5,299.35
",2024-02-06
Apple iPhone 15 Pro (512 GB) - White Titanium,"5,299.35
",2024-02-06
Apple iPhone 15 Pro (512 GB) - White Titanium,"5,299.35
",2024-02-06
Apple iPhone 15 Pro (512 GB) - White Titanium,"5,299.35
",2024-02-06
Apple iPhone 15 Pro (512 GB) - White Titanium,"5,299.35
",2024-02-06
